word	pos	proper
p	n	0
pa	n	0
paba	n	1
pabir	n	1
pablum	n	0
pabulum	n	0
pac	n	1
paca	n	0
pace	nv	0
pacemaker	n	0
pacer	n	0
pacesetter	n	0
pacha	n	0
pachinko	n	0
pachisi	n	0
pachouli	n	0
pachuco	n	0
pachyderm	n	0
pachyderma	n	0
pachytene	n	0
pacific	an	0
pacificism	n	0
pacificist	n	0
pacifier	n	0
pacifism	n	0
pacifist	n	0
pacifistic	a	0
pacify	v	0
pacing	n	0
pack	nv	0
packable	a	0
package	nv	0
packaged	a	0
packaging	n	0
packed	a	0
packer	n	0
packera	n	1
packet	n	0
packhorse	n	0
packing	n	0
packman	n	0
packrat	n	0
packsack	n	0
packsaddle	n	0
packthread	n	0
pact	n	0
pad	nv	0
padauk	n	0
padda	n	1
padded	a	0
padder	n	0
padding	n	0
paddle	nv	0
paddlefish	n	0
paddler	n	0
paddock	n	0
paddy	n	0
paddymelon	n	0
pademelon	n	0
paderewski	n	1
padlock	nv	0
padouk	n	0
padova	n	1
padre	n	0
padrone	n	0
padua	n	1
paducah	n	1
paean	n	0
paederast	n	0
paederasty	n	0
paediatric	a	0
paedophile	n	0
paella	n	0
paeonia	n	1
paeony	n	0
pagad	n	1
pagan	an	0
paganini	n	1
paganise	v	0
paganism	n	0
paganize	v	0
page	nv	0
pageant	n	0
pageantry	n	0
pageboy	n	0
pagellus	n	1
pager	n	0
paget	n	1
paginate	v	0
pagination	n	0
paging	n	0
pagoda	n	0
pagophila	n	1
pagophilus	n	1
pagrus	n	1
paguridae	n	1
pagurus	n	1
pahang	n	1
pahautea	n	0
pahlavi	n	1
pahlevi	n	1
pahoehoe	n	0
paid	a	0
paige	n	1
paigle	n	0
pail	n	0
pailful	n	0
paillasse	n	0
pain	nv	0
paine	n	1
pained	a	0
painful	a	0
painfully	r	0
painkiller	n	0
painless	a	0
painlessly	r	0
pains	n	0
paint	nv	0
paintable	a	0
paintball	n	0
paintbox	n	0
paintbrush	n	0
painted	a	0
painter	n	0
painterly	a	0
painting	n	0
pair	nv	0
paired	a	0
pairing	n	0
paisa	n	0
paisley	n	0
paiute	n	1
paiwanic	n	1
pajama	n	0
pakchoi	n	0
pakistan	n	1
pakistani	an	1
pal	nv	0
palace	n	0
paladin	n	0
palaemon	n	1
palaeology	n	0
palaestra	n	0
palaic	n	1
palankeen	n	0
palanquin	n	0
palaquium	n	1
palas	n	0
palatable	a	0
palatably	r	0
palatal	an	0
palatalise	v	0
palatalize	v	0
palate	n	0
palatial	a	0
palatinate	n	0
palatine	an	0
palau	n	1
palaver	nv	0
pale	anv	0
paleacrita	n	1
palely	r	0
paleness	n	0
paleocene	n	1
paleolith	n	0
paleology	n	0
paleozoic	an	1
palermo	n	1
palestine	n	1
palestra	n	0
palestrina	n	1
palette	n	0
palfrey	n	0
palgrave	n	1
pali	n	1
palilalia	n	0
palimony	n	0
palimpsest	n	0
palindrome	n	0
paling	n	0
palinurus	n	1
palisade	nv	0
palish	a	0
paliurus	n	1
pall	nv	0
palladian	a	1
palladio	n	1
palladium	n	0
pallas	n	1
pallasite	n	0
pallbearer	n	0
pallet	n	0
pallette	n	0
palliasse	n	0
palliate	v	0
palliation	n	0
palliative	an	0
pallid	a	0
pallidity	n	0
pallidly	r	0
pallidness	n	0
pallidum	n	0
pallium	n	0
pallone	n	0
pallor	n	0
pally	a	0
palm	nv	0
palmaceae	n	1
palmae	n	1
palmales	n	1
palmar	a	0
palmate	a	0
palmately	r	0
palmatifid	a	0
palmature	n	0
palmer	n	1
palmetto	n	0
palmist	n	0
palmister	n	0
palmistry	n	0
palmitin	n	0
palmlike	a	0
palmy	a	0
palmyra	n	0
palometa	n	0
palomino	n	0
palooka	n	0
paloverde	n	0
palpable	a	0
palpably	r	0
palpate	v	0
palpation	n	0
palpatory	a	0
palpebra	n	0
palpebrate	av	0
palpitant	a	0
palpitate	v	0
palsgrave	n	0
palsied	a	0
palsy	nv	0
palter	v	0
paltering	n	0
paltriness	n	0
paltry	a	0
pamelor	n	1
pamlico	n	1
pampas	n	0
pamper	v	0
pamperer	n	0
pampering	n	0
pamphlet	n	0
pan	nv	0
panacea	n	0
panache	n	0
panadol	n	1
panama	n	1
panamanian	an	1
panamica	n	0
panamiga	n	0
panatela	n	0
panax	n	1
pancake	n	0
panchayat	n	0
panchayet	n	0
pancreas	n	0
pancreatic	a	0
pancreatin	n	0
panda	n	0
pandanales	n	1
pandanus	n	0
pandar	n	0
pandeism	n	0
pandemic	an	0
pander	nv	0
panderer	n	0
pandion	n	1
pandora	n	1
pandowdy	n	0
pandurate	a	0
pane	n	0
panegyric	an	0
panegyrist	n	0
panel	nv	0
paneled	a	0
paneling	n	0
panelist	n	0
panelling	n	0
panellist	n	0
panetela	n	0
panetella	n	0
panfish	n	0
pang	n	0
panga	n	0
pangaea	n	1
pangea	n	1
pangloss	n	1
pangolin	n	0
panhandle	nv	0
panhandler	n	0
panic	nv	0
panicked	a	0
panicky	a	0
panicle	n	0
panicled	a	0
paniculate	a	0
panicum	n	1
panini	n	1
panipat	n	1
panjabi	n	1
panjandrum	n	0
pannier	n	0
pannikin	n	0
panocha	n	0
panoche	n	0
panofsky	n	1
panonychus	n	1
panoplied	a	0
panoply	n	0
panoptic	a	0
panoptical	a	0
panopticon	n	0
panorama	n	0
panoramic	a	0
panorpidae	n	1
panpipe	n	0
pansa	n	1
pansexual	n	0
pansy	n	0
pant	nv	0
pantaloon	n	0
pantheism	n	0
pantheist	an	0
pantheon	n	0
panther	n	0
panthera	n	1
pantie	n	0
pantile	n	0
panting	n	0
panto	n	0
pantograph	n	0
pantomime	nv	0
pantomimer	n	0
pantothen	n	0
pantropic	a	0
pantry	n	0
pantryman	n	0
pants	n	0
pantsuit	n	0
panty	n	0
pantyhose	n	0
pantywaist	n	0
panzer	n	0
pap	n	0
papa	n	0
papacy	n	0
papaia	n	0
papain	n	0
papal	a	0
paparazzo	n	0
papaver	n	1
papaverine	n	0
papaw	n	0
papaya	n	0
papeete	n	1
paper	nv	0
paperback	an	0
paperboard	n	0
paperboy	n	0
paperclip	n	0
paperer	n	0
papering	n	0
paperknife	n	0
paperlike	a	0
papers	n	0
paperwork	n	0
papery	a	0
papilla	n	0
papillary	a	0
papillate	a	0
papilloma	n	0
papillon	n	0
papillose	a	0
papio	n	1
papism	n	0
papist	an	0
papistic	a	0
papistical	a	0
papoose	n	0
pappa	n	0
pappoose	n	0
pappose	a	0
pappus	n	0
paprika	n	0
paprilus	n	1
papua	n	1
papuan	an	1
papule	n	0
papyrus	n	0
par	nv	0
para	n	0
parable	n	0
parabola	n	0
parabolic	a	0
paraboloid	n	0
paracelsus	n	1
parachute	nv	0
parachuter	n	0
paraclete	n	1
paracosm	n	0
parade	nv	0
parader	n	0
paradiddle	n	0
paradigm	n	0
paradisaic	a	0
paradisal	a	0
paradise	n	0
paradisiac	a	0
paradox	n	0
paraffin	n	0
parafovea	n	0
paragon	n	0
paragonite	n	0
paragraph	nv	0
paraguay	n	1
paraguayan	an	1
parakeet	n	0
paralegal	n	0
paralepsis	n	0
paralipsis	n	0
parallax	n	0
parallel	anv	0
paralogism	n	0
paralyse	v	0
paralysis	n	0
paralytic	an	0
paralyze	v	0
paralyzed	a	0
paramagnet	n	0
paramaribo	n	1
paramecia	n	0
paramecium	n	0
paramedic	n	0
parameter	n	0
parametric	a	0
paramnesia	n	0
paramount	a	0
paramour	n	0
parana	n	1
paranasal	a	0
parang	n	0
paranoia	n	0
paranoiac	n	0
paranoid	an	0
paranormal	a	0
paranthias	n	1
parapet	n	0
paraph	n	0
paraphilia	n	0
paraphrase	nv	0
paraphysis	n	0
paraplegia	n	0
paraplegic	an	0
parapodium	n	0
parapraxis	n	0
paraquat	n	0
paraquet	n	0
parasail	n	0
parasite	n	0
parasitic	a	0
parasitism	n	0
parasol	n	0
parathion	n	0
paratroops	n	0
parazoa	n	1
parazoan	n	0
parboil	v	0
parcae	n	1
parcel	nv	0
parceling	n	0
parcelling	n	0
parch	v	0
parched	a	0
parcheesi	n	1
parchesi	n	0
parchisi	n	0
parchment	n	0
pardner	n	0
pardon	nv	0
pardonable	a	0
pardonably	r	0
pardoner	n	0
pare	v	0
paregmenon	n	0
paregoric	n	0
parenchyma	n	0
parent	nv	0
parentage	n	0
parental	a	0
parentally	r	0
parented	a	0
parenteral	a	0
parenthood	n	0
parentless	a	0
parer	n	0
paresis	n	0
paretic	n	0
pareto	n	1
pareve	a	0
parfait	n	0
parget	nv	0
pargeting	n	0
pargetry	n	0
pargetting	n	0
parhelic	a	0
parhelion	n	0
pariah	n	0
paridae	n	1
paries	n	0
parietal	a	0
parietales	n	1
parietaria	n	1
parimutuel	n	0
paring	n	0
paris	n	1
parish	n	0
parisian	an	1
parisienne	n	1
parisology	n	0
parity	n	0
parjanya	n	1
parji	n	1
park	nv	0
parka	n	0
parked	a	0
parker	n	1
parkia	n	1
parking	n	0
parkinson	n	1
parkland	n	0
parks	n	1
parkway	n	0
parky	a	0
parlance	n	0
parlay	nv	0
parley	nv	0
parliament	n	0
parlor	n	0
parlormaid	n	0
parlour	n	0
parlous	a	0
parmelia	n	1
parmenides	n	1
parmesan	n	1
parnahiba	n	1
parnaiba	n	1
parnassia	n	0
parnassus	n	1
parnell	n	1
parochetus	n	1
parochial	a	0
parodist	n	0
parody	nv	0
paroicous	a	0
parole	nv	0
parolee	n	0
paronychia	n	0
paronym	n	0
parophrys	n	1
paroquet	n	0
parosamia	n	0
parotid	a	0
parotitis	n	0
parous	a	0
parousia	n	1
paroxetime	n	0
paroxysm	n	0
paroxysmal	a	0
paroxytone	n	0
parquet	n	0
parquetry	n	0
parr	n	0
parrakeet	n	0
parricide	n	0
parrish	n	1
parroket	n	0
parroquet	n	0
parrot	nv	0
parrotfish	n	0
parrotia	n	1
parrotlike	a	0
parry	nv	0
parse	v	0
parsec	n	0
parsee	n	1
parseeism	n	1
parser	n	0
parsi	n	1
parsiism	n	1
parsimony	n	0
parsley	n	0
parsnip	n	0
parson	n	0
parsonage	n	0
parsons	n	1
part	nrv	0
partake	v	0
partaker	n	0
parted	a	0
parterre	n	0
parthenium	n	1
parthenon	n	1
parthenote	n	0
parthia	n	1
parthian	an	1
partial	an	0
partiality	n	0
partially	r	0
partible	a	0
participle	n	0
particle	n	0
particular	an	0
parting	n	0
partisan	an	0
partita	n	0
partition	nv	0
partitive	an	0
partizan	an	0
partly	r	0
partner	nv	0
partridge	n	0
parts	n	0
partsong	n	0
parttime	r	0
parturient	a	0
party	nv	0
partygoer	n	0
parula	n	1
parulidae	n	1
parus	n	1
parvati	n	1
parve	a	0
parvenu	an	0
parvenue	a	0
parvis	n	0
parvo	n	0
parvovirus	n	0
pas	n	0
pasadena	n	1
pasang	n	0
pascal	n	0
pasch	n	1
pascha	n	1
paschal	a	0
paseo	n	0
pasha	n	0
pashto	n	1
pashtoon	n	1
pashtu	n	1
pashtun	n	1
pasigraphy	n	1
pasiphae	n	1
paspalum	n	0
pasquinade	n	0
pass	nv	0
passable	a	0
passably	r	0
passado	n	0
passage	n	0
passageway	n	0
passbook	n	0
passe	a	0
passee	a	0
passel	n	0
passenger	n	0
passer	n	0
passerby	n	0
passeres	n	1
passeridae	n	1
passerina	n	1
passerine	an	0
passero	n	1
passiflora	n	1
passim	r	0
passing	anr	0
passion	n	0
passionate	a	0
passive	an	0
passively	r	0
passivism	n	0
passivity	n	0
passkey	n	0
passover	n	1
passport	n	0
password	n	0
past	anr	0
pasta	n	0
paste	nv	0
pasteboard	n	0
pasted	a	0
pastel	an	0
pastelike	a	0
paster	n	0
pastern	n	0
pasternak	n	1
pasteur	n	1
pasteurian	a	1
pasteurise	v	0
pasteurize	v	0
pastiche	n	0
pastil	n	0
pastille	n	0
pastime	n	0
pastinaca	n	1
pastis	n	0
pastness	n	0
pasto	n	1
pastor	n	0
pastoral	an	0
pastorale	n	0
pastorate	n	0
pastorship	n	0
pastrami	n	0
pastry	n	0
pasturage	n	0
pasture	nv	0
pasty	an	0
pat	anrv	0
pataca	n	0
patagonia	n	1
patas	n	0
patavium	n	1
patch	nv	0
patchboard	n	0
patchcord	n	0
patched	a	0
patchily	r	0
patchiness	n	0
patching	n	0
patchouli	n	0
patchouly	n	0
patchwork	n	0
patchy	a	0
pate	n	0
patella	n	0
patellar	a	0
patellidae	n	1
patency	n	0
patent	anv	0
patented	a	0
patentee	n	0
patently	r	0
pater	n	0
paternal	a	0
paternally	r	0
paternity	n	0
paterson	n	1
path	n	0
pathan	n	1
pathetic	a	0
pathfinder	n	0
pathless	a	0
pathogen	n	0
pathogenic	a	0
pathologic	a	0
pathology	n	0
pathos	n	0
pathway	n	0
patience	n	0
patient	an	0
patiently	r	0
patina	n	0
patinate	v	0
patinise	v	0
patinize	v	0
patio	n	0
patisserie	n	0
patka	n	0
patness	n	0
patois	n	0
paton	n	1
patrai	n	1
patras	n	1
patrial	n	0
patriarch	n	0
patriarchy	n	0
patrician	an	0
patricide	n	0
patrick	n	1
patrikin	n	0
patrimony	n	0
patriot	n	0
patrioteer	n	0
patriotic	a	0
patriotism	n	0
patrisib	n	0
patristic	a	0
patristics	n	0
patroclus	n	1
patrol	nv	0
patroller	n	0
patrolman	n	0
patrology	n	0
patron	n	0
patronage	nv	0
patroness	n	0
patronise	v	0
patronised	a	0
patronize	v	0
patronized	a	0
patronless	a	0
patronne	n	0
patronym	n	0
patronymic	an	0
patsy	n	0
patten	n	0
patter	nv	0
pattern	nv	0
patterned	a	0
patty	n	0
patwin	n	1
patzer	n	0
paucity	n	0
paul	n	1
pauli	n	1
pauline	a	1
pauling	n	1
paunch	n	0
paunchy	a	0
pauper	n	0
pauperise	v	0
pauperism	n	0
pauperize	v	0
pauropoda	n	1
pause	nv	0
pavage	n	0
pavan	n	0
pavane	n	0
pavarotti	n	1
pave	nv	0
paved	a	0
pavement	n	0
pavilion	n	0
paving	n	0
pavior	n	0
paviour	n	0
pavis	n	0
pavise	n	0
pavlov	n	1
pavlova	n	0
pavlovian	a	1
pavo	n	1
pavonia	n	0
paw	nv	0
pawer	n	0
pawky	a	0
pawl	n	0
pawn	nv	0
pawnbroker	n	0
pawnee	n	1
pawnshop	n	0
pawpaw	n	0
pax	n	0
paxil	n	1
paxto	n	1
paxton	n	1
pay	nv	0
payable	an	0
payables	n	0
payback	n	0
paycheck	n	0
payday	n	0
paye	n	1
payee	n	0
payena	n	1
payer	n	0
paygrade	n	0
paying	a	0
payload	n	0
paymaster	n	0
payment	n	0
paynim	n	0
payoff	n	0
payola	n	0
payroll	n	0
paysheet	n	0
payslip	n	0
pb	n	1
pbit	n	1
pbs	n	1
pc	n	1
pcp	n	1
pct	n	0
pd	n	1
pda	n	1
pdflp	n	1
pdl	n	0
pe	n	0
pea	n	0
peabody	n	1
peace	n	0
peaceable	a	0
peaceably	r	0
peaceful	a	0
peacefully	r	0
peacemaker	n	0
peacenik	n	0
peacetime	n	0
peach	nv	0
peachick	n	0
peachwood	n	0
peachy	a	0
peacoat	n	0
peacock	n	0
peafowl	n	0
peag	n	0
peahen	n	0
peak	nv	0
peaked	a	0
peaky	a	0
peal	nv	0
pealing	n	0
pean	n	0
peanut	an	0
peanuts	n	0
pear	n	0
pearl	nv	0
pearler	n	0
pearlfish	n	0
pearlite	n	0
pearlweed	n	0
pearlwort	n	0
pearly	an	0
pearmain	n	1
peary	n	1
peasant	n	0
peasantry	n	0
peasecod	n	0
peat	n	0
peaty	a	0
peavey	n	0
peavy	n	0
peba	n	0
pebble	n	0
pebbly	a	0
pebibit	n	0
pebibyte	n	0
pecan	n	0
peccable	a	0
peccadillo	n	0
peccant	a	0
peccary	n	0
peck	nv	0
pecker	n	0
peckerwood	n	0
peckish	a	0
pecopteris	n	0
pecos	n	1
pecs	n	0
pectic	a	0
pectin	n	0
pectinate	a	0
pectineal	a	0
pectinidae	n	1
pectoral	an	0
pectoralis	n	0
pectus	n	0
peculate	v	0
peculation	n	0
peculator	n	0
peculiar	a	0
peculiarly	r	0
pecuniary	a	0
pedagog	n	0
pedagogic	a	0
pedagogics	n	0
pedagogue	n	0
pedagogy	n	0
pedal	anv	0
pedaler	n	0
pedaller	n	0
pedant	n	0
pedantic	a	0
pedantry	n	0
pedate	a	0
peddle	v	0
peddler	n	0
peddling	n	0
pederast	n	0
pederastic	a	0
pederasty	n	0
pedesis	n	0
pedestal	n	0
pedestrian	an	0
pediamycin	n	1
pediapred	n	1
pediatric	a	0
pediatrics	n	0
pediatrist	n	0
pedicab	n	0
pedicel	n	0
pedicle	n	0
pediculati	n	1
pediculus	n	1
pedicure	nv	0
pedigree	n	0
pedigreed	a	0
pediment	n	0
pedionomus	n	1
pedipalpi	n	1
pedlar	n	0
pedology	n	0
pedometer	n	0
pedophile	n	0
pedophilia	n	0
peduncle	n	0
pedwood	n	0
pee	nv	0
peeing	n	0
peek	nv	0
peekaboo	n	0
peel	nv	0
peeled	a	0
peeler	n	0
peeling	n	0
peen	n	0
peep	nv	0
peeper	n	0
peephole	n	0
peepshow	n	0
peepul	n	0
peer	nv	0
peerage	n	0
peeress	n	0
peerless	a	0
peeve	nv	0
peeved	a	0
peevish	a	0
peevishly	r	0
peewee	n	0
peewit	n	0
peg	nv	0
pegasus	n	1
pegboard	n	0
pegleg	n	0
pegmatite	n	0
pehlevi	n	1
pei	n	1
peignoir	n	0
peiping	n	1
peirce	n	1
peireskia	n	1
pejorative	a	0
pekan	n	0
peke	n	1
pekinese	n	1
peking	n	1
pekingese	n	1
pekoe	n	0
pel	n	0
pelage	n	0
pelagic	a	0
pelagius	n	1
pelecanus	n	1
pelecypod	an	0
peleus	n	1
pelew	n	1
pelf	n	0
pelham	n	1
pelican	n	0
peliosis	n	0
pelisse	n	0
pellaea	n	1
pellagra	n	0
pellet	n	0
pellicle	n	0
pellitory	n	0
pellucid	a	0
pellucidly	r	0
pelmet	n	0
pelota	n	0
pelt	nv	0
peltandra	n	1
peltate	a	0
pelter	n	0
pelting	n	0
peludo	n	0
pelvic	a	0
pelvimeter	n	0
pelvimetry	n	0
pelvis	n	0
pelycosaur	n	0
pembroke	n	1
pemican	n	0
pemmican	n	0
pemphigous	a	0
pemphigus	n	0
pen	nv	0
penal	a	0
penalise	v	0
penalize	v	0
penally	r	0
penalty	n	0
penance	n	0
penang	n	1
penchant	n	0
pencil	nv	0
penciled	a	0
pencilled	a	0
pendant	an	0
pendent	an	0
pending	a	0
pendragon	n	0
pendulous	a	0
pendulum	n	0
peneidae	n	1
penelope	n	1
peneplain	n	0
peneplane	n	0
penetrable	a	0
penetrate	v	0
penetrator	n	0
peneus	n	1
pengo	n	0
penguin	n	0
penial	a	0
penicillin	n	0
penile	a	0
peninsula	n	0
peninsular	a	0
penis	n	0
penitence	n	0
penitent	an	0
penitently	r	0
penknife	n	0
penlight	n	0
penman	n	0
penmanship	n	0
penn	n	1
pennant	n	0
pennate	a	0
pennatula	n	1
penne	n	0
penni	n	0
penniless	a	0
pennines	n	1
penning	n	0
pennisetum	n	1
pennon	n	0
pennoncel	n	0
penny	n	0
pennycress	n	0
pennyroyal	n	0
pennyworth	n	0
penobscot	n	1
penoche	n	0
penologist	n	0
penology	n	0
penoncel	n	0
penpusher	n	0
pensacola	n	1
pension	nv	0
pensionary	n	0
pensioner	n	0
pensive	a	0
pensively	r	0
penstemon	n	1
penstock	n	0
pent	a	0
pentacle	n	0
pentad	n	0
pentagon	n	0
pentagonal	a	0
pentagram	n	0
pentail	n	0
pentameter	n	0
pentangle	n	0
pentateuch	n	1
pentathlon	n	0
pentatone	n	0
pentatonic	a	0
pentecost	n	1
penthouse	n	0
pentimento	n	0
pentode	n	0
pentose	n	0
pentothal	n	1
pentoxide	n	0
penuche	n	0
penuchle	n	0
penult	n	0
penultima	n	0
penumbra	n	0
penumbral	a	0
penurious	a	0
penury	n	0
penutian	n	1
peon	n	0
peonage	n	0
peony	n	0
people	nv	0
peopled	a	0
peoples	n	0
peoria	n	1
pep	n	0
pepcid	n	1
peperomia	n	0
pepin	n	1
peplos	n	0
peplum	n	0
peplus	n	0
pepper	nv	0
peppercorn	n	0
pepperidge	n	0
peppermint	n	0
pepperoni	n	0
pepperwood	n	0
pepperwort	n	0
peppery	a	0
peppiness	n	0
peppy	a	0
pepsi	n	1
pepsin	n	0
pepsinogen	n	0
peptic	a	0
peptidase	n	0
peptide	n	0
peptise	v	0
peptize	v	0
peptone	n	0
pepys	n	1
perak	n	1
perca	n	1
percale	n	0
perceive	v	0
perceived	a	0
perceiver	n	0
percent	n	0
percentage	n	0
percentile	n	0
percept	n	0
perception	n	0
perceptive	a	0
perceptual	a	0
perch	nv	0
perchance	r	0
percher	n	0
percheron	n	1
percidae	n	1
percina	n	1
percipient	an	0
percoid	n	0
percoidea	n	1
percoidean	n	0
percolate	nv	0
percolator	n	0
percuss	v	0
percussion	n	0
percussive	a	0
percussor	n	0
percy	n	1
perdicidae	n	1
perdicinae	n	1
perdition	n	0
perdix	n	1
perdurable	a	0
peregrine	an	0
perejil	n	1
peremptory	a	0
perennate	v	0
perennial	an	0
pereskia	n	1
perfect	anv	0
perfecta	n	0
perfected	a	0
perfecter	n	0
perfection	n	0
perfective	n	0
perfectly	r	0
perfervid	a	0
perfidious	a	0
perfidy	n	0
perfoliate	a	0
perforate	av	0
perforated	a	0
perforce	r	0
perform	v	0
performer	n	0
performing	n	0
perfume	nv	0
perfumed	a	0
perfumer	n	0
perfumery	n	0
perfuse	v	0
perfusion	n	0
pergamum	n	1
pergola	n	0
perhaps	r	0
peri	n	0
periactin	n	1
perianal	a	0
perianth	n	0
periapsis	n	0
pericallis	n	1
pericarp	n	0
periclase	n	0
pericles	n	1
peridinian	n	0
peridinium	n	1
peridium	n	0
peridot	n	0
peridotite	n	0
perigee	n	0
perigon	n	0
perigonal	a	0
perigone	n	0
perigonium	n	0
perihelion	n	0
perijove	n	0
peril	nv	0
perilla	n	1
perilous	a	0
perilously	r	0
perilune	n	0
perilymph	n	0
perimeter	n	0
perimysium	n	0
perinasal	a	0
perinatal	a	0
perineal	a	0
perineum	n	0
period	n	0
periodic	a	0
periodical	an	0
periosteum	n	0
peripatus	n	0
peripeteia	n	0
peripetia	n	0
peripety	n	0
peripheral	an	0
periphery	n	0
periploca	n	1
peripteral	a	0
perirhinal	a	0
periscope	n	0
periselene	n	0
perish	v	0
perishable	an	0
perisher	n	0
perisoreus	n	1
perisperm	n	0
peristome	n	0
peristylar	a	0
peristyle	n	0
peritoneal	a	0
peritoneum	n	0
peritrate	n	1
periwig	n	0
periwigged	a	0
periwinkle	n	0
perjure	v	0
perjurer	n	0
perjury	n	0
perk	nv	0
perkily	r	0
perkiness	n	0
perky	a	0
perleche	n	0
perlis	n	1
perm	nv	0
permafrost	n	0
permalloy	n	1
permanence	n	0
permanency	n	0
permanent	an	0
permeable	a	0
permeant	a	0
permeate	v	0
permeating	a	0
permeation	n	0
permeative	a	0
permed	a	0
permian	n	1
permic	n	1
permission	n	0
permissive	a	0
permit	nv	0
permutable	a	0
permute	v	0
pernambuco	n	1
pernicious	a	0
pernickety	a	0
pernio	n	0
pernis	n	1
pernod	n	1
peromyscus	n	1
peron	n	1
peroneal	a	0
peroneus	n	0
perorate	v	0
peroration	n	0
peroxidase	n	0
peroxide	nv	0
perpetrate	v	0
perpetual	a	0
perpetuate	v	0
perpetuity	n	0
perplex	v	0
perplexed	a	0
perplexing	a	0
perplexity	n	0
perquisite	n	0
perry	n	0
persea	n	1
persecute	v	0
persecutor	n	0
persephone	n	1
persepolis	n	1
perseus	n	1
persevere	v	0
pershing	n	1
persia	n	1
persian	an	1
persiflage	n	0
persimmon	n	0
persist	v	0
persistent	a	0
persisting	a	0
person	n	0
persona	n	0
personable	a	0
personage	n	0
personal	an	0
personally	r	0
personalty	n	0
personate	v	0
personhood	n	0
personify	v	0
personnel	n	0
persoonia	n	1
perspex	n	1
perspire	v	0
perspirer	n	0
persuade	v	0
persuader	n	0
persuasion	n	0
persuasive	a	0
pert	a	0
pertain	v	0
pertainym	n	0
perth	n	1
pertinence	n	0
pertinency	n	0
pertinent	a	0
pertly	r	0
pertness	n	0
perturb	v	0
perturbed	a	0
perturbing	a	0
pertusaria	n	1
pertussis	n	0
peru	n	1
peruke	n	0
peruked	a	0
perusal	n	0
peruse	v	0
perusing	n	0
perutz	n	1
peruvian	an	1
pervade	v	0
pervasion	n	0
pervasive	a	0
perverse	a	0
perversely	r	0
perversion	n	0
perversity	n	0
perversive	a	0
pervert	nv	0
perverted	a	0
pervious	a	0
pes	n	0
pesach	n	1
pesah	n	1
pesantran	n	0
pesantren	n	0
peseta	n	0
pesewa	n	0
peshawar	n	1
peshmerga	n	0
pesky	a	0
peso	n	0
pessary	n	0
pessimal	a	0
pessimism	n	0
pessimist	n	0
pest	n	0
pester	v	0
pestered	a	0
pesterer	n	0
pestering	a	0
pesthole	n	0
pesthouse	n	0
pesticide	n	0
pestilence	n	0
pestilent	a	0
pestis	n	0
pestle	nv	0
pesto	n	0
pet	anv	0
petabit	n	0
petabyte	n	0
petal	n	0
petaled	a	0
petalled	a	0
petalless	a	0
petallike	a	0
petaloid	a	0
petalous	a	0
petard	n	0
petasites	n	1
petaurista	n	1
petaurus	n	1
petchary	n	0
petcock	n	0
petechia	n	0
peter	n	1
peterburg	n	1
petersburg	n	1
petfood	n	0
petiole	n	0
petiolule	n	0
petite	an	0
petiteness	n	0
petitio	n	0
petition	nv	0
petitioner	n	0
petrarca	n	1
petrarch	n	1
petrel	n	0
petrify	v	0
petrifying	a	0
petrissage	n	0
petrogale	n	1
petroglyph	n	0
petrograd	n	1
petrol	n	0
petrolatum	n	0
petroleum	n	0
petrology	n	0
petromyzon	n	1
petronius	n	1
petrous	a	0
petter	n	0
petteria	n	1
petticoat	n	0
pettifog	v	0
pettily	r	0
pettiness	n	0
petting	n	0
pettish	a	0
pettishly	r	0
petty	an	0
petulance	n	0
petulant	a	0
petulantly	r	0
petunia	n	0
peul	n	1
pew	n	0
pewee	n	0
pewit	n	0
pewter	n	0
peyote	n	0
peziza	n	1
pezizaceae	n	1
pezizales	n	1
pezophaps	n	1
pfalz	n	1
pfc	n	1
pfennig	n	0
pflp	n	1
ph	n	0
phacelia	n	0
phaeophyta	n	1
phaethon	n	1
phaeton	n	0
phage	n	0
phagocyte	n	0
phagocytic	a	0
phagun	n	1
phaius	n	0
phalangeal	a	0
phalanger	n	0
phalangida	n	1
phalangist	n	0
phalangium	n	1
phalanx	n	0
phalaris	n	1
phalarope	n	0
phalaropus	n	1
phalguna	n	1
phallaceae	n	1
phallales	n	1
phallic	a	0
phallus	n	0
phalsa	n	0
phanerogam	n	0
phantasm	n	0
phantasma	n	0
phantasmal	a	0
phantasy	n	0
phantom	an	0
pharaoh	n	1
pharaonic	a	1
pharisaic	a	0
pharisee	n	0
pharma	n	0
pharmacist	n	0
pharmacy	n	0
pharos	n	0
pharsalus	n	1
pharyngeal	an	0
pharynx	n	0
phascogale	n	1
phase	nv	0
phaseolus	n	1
phasianid	n	0
phasianus	n	1
phasmid	n	0
phasmida	n	1
phasmidae	n	1
phasmidia	n	1
phd	n	1
pheasant	n	0
pheidias	n	1
phellem	n	0
phenacetin	n	0
phenacomys	n	0
phenaphen	n	1
phenelzine	n	0
phenergan	n	1
phenicia	n	1
phenol	n	0
phenolic	n	0
phenomenal	a	0
phenomenon	n	0
phenoplast	n	0
phenotype	n	0
phenotypic	a	0
phenytoin	n	0
pheresis	n	0
pheromone	n	0
phi	n	0
phial	n	0
phidias	n	1
philaenus	n	1
philander	v	0
philatelic	a	0
philately	n	0
philemon	n	1
philia	n	0
philip	n	1
philippi	n	1
philippian	n	1
philippic	n	0
philippine	an	1
philistia	n	1
philistine	an	0
phillidae	n	1
phillyrea	n	1
philogyny	n	0
philohela	n	1
philologue	n	0
philology	n	0
philomath	n	0
philosophy	n	0
philter	n	0
philtre	n	0
phimosis	n	0
phintias	n	1
phiz	n	0
phlebitis	n	0
phlebodium	n	1
phlebogram	n	0
phlebotomy	n	0
phlegm	n	0
phlegmatic	a	0
phlegmy	a	0
phleum	n	1
phloem	n	0
phlogiston	n	0
phlogopite	n	0
phlomis	n	0
phlox	n	0
phobia	n	0
phobic	a	0
phobos	n	1
phoca	n	1
phocidae	n	1
phocine	a	0
phocoena	n	1
phocomelia	n	0
phoebe	n	0
phoebus	n	1
phoenicia	n	1
phoenician	an	1
phoenix	n	0
pholadidae	n	1
pholas	n	1
pholidae	n	1
pholidota	n	1
pholiota	n	1
pholis	n	1
pholistoma	n	1
phon	n	0
phonate	v	0
phonation	n	0
phone	nv	0
phonebook	n	0
phoneme	n	0
phonemic	ar	0
phonemics	n	0
phoner	n	0
phonetic	a	0
phonetics	n	0
phoney	an	0
phonic	a	0
phonics	n	0
phonogram	n	0
phonograph	n	0
phonologic	a	0
phonology	n	0
phony	an	0
phoronid	n	0
phoronida	n	1
phoronidea	n	1
phosgene	n	0
phosphate	n	0
phosphine	n	0
phosphor	n	0
phosphoric	a	0
phosphorus	n	0
phot	n	0
photalgia	n	0
photic	a	0
photinia	n	1
photius	n	1
photo	n	0
photocell	n	0
photocopy	nv	0
photoflash	n	0
photoflood	n	0
photogenic	a	0
photograph	nv	0
photometer	n	0
photometry	n	0
photon	n	0
photostat	nv	0
phoxinus	n	1
phragmites	n	1
phrasal	a	0
phrase	nv	0
phrasing	n	0
phratry	n	0
phreatic	a	0
phrenetic	a	0
phrenic	a	0
phrenitis	n	0
phrenology	n	0
phrygia	n	1
phrygian	n	1
phrynosoma	n	1
phs	n	1
phthirius	n	1
phthirus	n	1
phthisis	n	0
phycobilin	n	0
phycology	n	0
phylactery	n	0
phyle	n	0
phyletic	a	0
phyllidae	n	1
phylliform	a	0
phyllitis	n	1
phyllium	n	1
phyllo	n	0
phylloclad	n	0
phyllode	n	0
phyllodial	a	0
phyllodoce	n	1
phylloxera	n	1
phylogeny	n	0
phylum	n	0
physa	n	0
physalia	n	1
physalis	n	1
physaria	n	1
physeter	n	1
physic	n	0
physical	a	0
physically	r	0
physician	n	0
physicist	n	0
physics	n	0
physidae	n	1
physiology	n	0
physique	n	0
phytolacca	n	1
phytology	n	0
phytotoxin	n	0
pi	n	0
pia	n	0
piaf	n	1
piaffe	n	0
piaget	n	1
piagetian	a	1
pianism	n	0
pianissimo	anr	0
pianist	n	0
pianistic	a	0
piano	anr	0
pianoforte	n	0
pianola	n	1
piaster	n	0
piastre	n	0
piazza	n	0
pib	n	1
pibgorn	n	0
pibit	n	1
pibroch	n	0
pic	n	0
pica	n	0
picador	n	0
picaninny	n	0
picardie	n	1
picardy	n	1
picaresque	a	0
picariae	n	1
picasso	n	1
picayune	a	0
piccalilli	n	0
piccaninny	n	0
piccolo	n	0
picea	n	1
pichi	n	0
pichiciago	n	0
pichiciego	n	0
picidae	n	1
piciformes	n	1
pick	nv	0
pickaback	r	0
pickaninny	n	0
pickax	n	0
pickaxe	n	0
picker	n	0
pickerel	n	0
picket	nv	0
pickett	n	1
pickford	n	1
picking	n	0
pickings	n	0
pickle	nv	0
pickled	a	0
picklepuss	n	0
picknicker	n	0
pickpocket	n	0
pickup	n	0
picky	a	0
picnic	nv	0
picnicker	n	0
picofarad	n	0
picoides	n	1
picometer	n	0
picometre	n	0
picosecond	n	0
picot	n	0
picovolt	n	0
picrasma	n	1
picris	n	1
pictograph	n	0
pictor	n	1
pictorial	an	0
pictural	a	0
picture	nv	0
pictured	a	0
picturing	n	0
picul	n	0
piculet	n	0
picumnus	n	1
picus	n	1
pid	n	1
piddle	nv	0
piddling	a	0
piddock	n	0
pidgin	n	0
pidlimdi	n	1
pie	n	0
piebald	a	0
piece	nv	0
piecemeal	ar	0
piecework	n	0
pied	a	0
piedmont	n	0
piemonte	n	1
pieplant	n	0
pier	n	0
pierce	nv	0
pierced	a	0
piercing	a	0
piercingly	r	0
pierid	n	0
pieridae	n	1
pieris	n	1
pierre	n	1
pierrot	n	1
pieta	n	0
pietism	n	0
pietistic	a	0
piety	n	0
piezometer	n	0
piffle	nv	0
piffling	a	0
pig	nv	0
pigboat	n	0
pigeon	n	0
pigeonhole	nv	0
pigfish	n	0
piggery	n	0
piggish	a	0
piggishly	r	0
piggy	an	0
piggyback	nrv	0
pigheaded	a	0
piglet	n	0
pigman	n	0
pigment	nv	0
pigmy	n	0
pignolia	n	0
pignut	n	0
pigpen	n	0
pigskin	n	0
pigsty	n	0
pigswill	n	0
pigtail	n	0
pigwash	n	0
pigweed	n	0
pij	n	1
pika	n	0
pike	n	0
pikeblenny	n	0
pikestaff	n	0
pilaf	n	0
pilaff	n	0
pilar	a	0
pilary	a	0
pilaster	n	0
pilate	n	1
pilau	n	0
pilaw	n	0
pilchard	n	0
pile	nv	0
pilea	n	1
piles	n	0
pileup	n	0
pileus	n	0
pilewort	n	0
pilfer	v	0
pilferage	n	0
pilferer	n	0
pilgrim	n	0
pilgrimage	n	0
piling	n	0
pill	n	0
pillage	nv	0
pillaged	a	0
pillager	n	0
pillaging	n	0
pillar	n	0
pillared	a	0
pillbox	n	0
pillion	n	0
pillock	n	0
pillory	nv	0
pillow	nv	0
pillowcase	n	0
pillwort	n	0
pilose	a	0
pilosella	n	1
pilosity	n	0
pilot	nv	0
pilotage	n	0
pilotfish	n	0
pilothouse	n	0
piloting	n	0
pilotless	a	0
pilous	a	0
pilsen	n	1
pilsener	n	1
pilsner	n	1
pilularia	n	1
pilus	n	0
pima	n	1
pimenta	n	1
pimento	n	0
pimiento	n	0
pimlico	n	1
pimozide	n	0
pimp	nv	0
pimpernel	n	0
pimpinella	n	1
pimple	n	0
pimpled	a	0
pimply	a	0
pin	nv	0
pinaceae	n	1
pinafore	n	0
pinata	n	0
pinatubo	n	1
pinball	n	0
pincer	n	0
pinch	nv	0
pinchbeck	an	0
pinche	n	0
pinched	a	0
pinchgut	n	0
pinckneya	n	1
pinctada	n	1
pincus	n	1
pincushion	n	0
pindar	n	1
pindaric	n	1
pindolol	n	0
pine	nv	0
pineal	a	0
pinealoma	n	0
pineapple	n	0
pinecone	n	0
pinesap	n	0
pinetum	n	0
pineus	n	1
pineweed	n	0
pinfish	n	0
pinfold	n	0
ping	nv	0
pinger	n	0
pinguecula	n	0
pinguicula	n	1
pinguinus	n	1
pinhead	n	0
pinhole	n	0
pinicola	n	1
pining	n	0
pinion	nv	0
pinioned	a	0
pinite	n	0
pink	anv	0
pinkeye	n	0
pinkie	n	0
pinkify	v	0
pinkish	a	0
pinkness	n	0
pinko	n	0
pinkroot	n	0
pinky	n	0
pinna	n	0
pinnace	n	0
pinnacle	nv	0
pinnate	a	0
pinnated	a	0
pinnately	r	0
pinnatifid	a	0
pinnatiped	n	0
pinner	n	0
pinning	n	0
pinniped	n	0
pinnipedia	n	1
pinnule	n	0
pinny	n	0
pinochle	n	0
pinocle	n	0
pinole	n	0
pinon	n	0
pinopsida	n	1
pinot	n	1
pinpoint	nv	0
pinprick	n	0
pinscher	n	0
pinsk	n	1
pinstripe	n	0
pinstriped	a	0
pint	n	0
pintado	n	0
pintail	n	0
pinter	n	1
pintle	n	0
pinto	n	0
pinus	n	1
pinwheel	n	0
pinworm	n	0
pinyon	n	0
piolet	n	0
pion	n	0
pioneer	nv	0
pious	a	0
piously	r	0
piousness	n	0
pip	nv	0
pipa	n	1
pipage	n	0
pipal	n	0
pipe	nv	0
pipeclay	n	0
pipefish	n	0
pipeful	n	0
pipeline	n	0
piper	n	0
piperaceae	n	1
piperales	n	1
piperazine	n	0
piperin	n	0
piperine	n	0
pipet	n	0
pipette	n	0
pipework	n	0
pipewort	n	0
pipidae	n	1
pipile	n	1
pipilo	n	1
piping	nr	0
pipistrel	n	0
pipit	n	0
pippin	n	1
pipra	n	1
pipracil	n	1
pipridae	n	1
pipsissewa	n	0
piptadenia	n	1
pipturus	n	1
pipul	n	0
piquance	n	0
piquancy	n	0
piquant	a	0
piquantly	r	0
pique	nv	0
piqueria	n	1
piquet	n	0
piracy	n	0
pirana	n	0
pirandello	n	1
piranga	n	1
piranha	n	0
pirate	nv	0
piratical	a	0
pirogi	n	0
pirogue	n	0
piroplasm	n	0
piroshki	n	0
pirouette	nv	0
piroxicam	n	0
pirozhki	n	0
pisa	n	1
pisanosaur	n	0
piscary	n	0
piscatory	a	0
pisces	n	1
piscidia	n	1
piscine	a	0
pisiform	n	0
pismire	n	0
pisonia	n	1
piss	nv	0
pissed	a	0
pisser	n	0
pissing	n	0
pissis	n	1
pistachio	n	0
pistacia	n	1
piste	n	0
pistia	n	0
pistil	n	0
pistillate	a	0
pistillode	n	0
pistol	n	0
pistoleer	n	0
piston	n	0
pisum	n	1
pit	nv	0
pita	n	0
pitahaya	n	0
pitanga	n	0
pitch	nv	0
pitched	a	0
pitcher	n	0
pitcherful	n	0
pitchfork	nv	0
pitching	n	0
pitchman	n	0
pitchstone	n	0
pitchy	a	0
piteous	a	0
piteously	r	0
pitfall	n	0
pith	nv	0
pithead	n	0
pithecia	n	1
pithily	r	0
pithiness	n	0
pithy	a	0
pitiable	a	0
pitiably	r	0
pitiful	a	0
pitifully	r	0
pitiless	a	0
pitilessly	r	0
pitman	n	0
pitocin	n	1
piton	n	0
pitot	n	1
pitprop	n	0
pitressin	n	1
pitsaw	n	0
pitt	n	1
pitta	n	0
pittance	n	0
pitted	a	0
pittidae	n	1
pitting	n	0
pittsburgh	n	1
pittsfield	n	1
pituitary	an	0
pituophis	n	1
pity	nv	0
pityingly	r	0
pitymys	n	1
pityriasis	n	0
piute	n	1
pivot	nv	0
pivotal	a	0
pix	n	0
pixel	n	0
pixie	n	0
pixilated	a	0
pixy	n	0
pizarro	n	1
pizza	n	0
pizzaz	n	0
pizzazz	n	0
pizzeria	n	0
pizzicato	anr	0
pkd	n	1
pku	n	1
placable	a	0
placard	nv	0
placate	v	0
placating	a	0
placation	n	0
placative	a	0
placatory	a	0
place	nv	0
placeable	a	0
placebo	n	0
placed	a	0
placeman	n	0
placement	n	0
placenta	n	0
placental	an	0
placer	n	0
placid	a	0
placidity	n	0
placidly	r	0
placidness	n	0
placidyl	n	1
placket	n	0
placoderm	n	0
placodermi	n	1
placoid	a	0
placuna	n	1
plage	n	0
plagiarise	v	0
plagiarism	n	0
plagiarist	n	0
plagiarize	v	0
plague	nv	0
plaguey	ar	0
plaguily	r	0
plaguy	ar	0
plaice	n	0
plaid	n	0
plain	anrv	0
plainchant	n	0
plainly	r	0
plainness	n	0
plainsman	n	0
plainsong	n	0
plaint	n	0
plaintiff	n	0
plaintive	a	0
plait	nv	0
plaiter	n	0
plan	nv	0
planar	a	0
planaria	n	0
planarian	n	0
planate	a	0
planation	n	0
planchet	n	0
planchette	n	0
planck	n	1
plane	anv	0
planeness	n	0
planer	n	0
planera	n	1
planet	n	0
planetal	a	0
planetary	a	0
planetoid	n	0
plangency	n	0
plangent	a	0
planimeter	n	0
plank	nv	0
planking	n	0
plankton	n	0
planktonic	a	0
planless	a	0
planned	a	0
planner	n	0
planning	n	0
plano	n	1
plant	nv	0
plantae	n	1
plantago	n	1
plantain	n	0
plantal	a	0
plantar	a	0
plantation	n	0
planted	a	0
planter	n	0
planting	n	0
plantlet	n	0
plantsman	n	0
planula	n	0
plaque	n	0
plaquenil	n	1
plash	nv	0
plasm	n	0
plasma	n	0
plasmacyte	n	0
plasmid	n	0
plasmin	n	0
plasmodium	n	0
plassey	n	1
plaster	nv	0
plastered	a	0
plasterer	n	0
plastering	n	0
plastic	an	0
plasticine	n	1
plasticise	v	0
plasticity	n	0
plasticize	v	0
plastid	n	0
plastinate	v	0
plastique	n	0
plastron	n	0
plat	nv	0
plataea	n	1
platalea	n	1
platan	n	0
platanus	n	1
plate	nv	0
plateau	n	0
plateful	n	0
platelayer	n	0
platelet	n	0
platelike	a	0
platen	n	0
plater	n	0
platform	n	0
plath	n	1
plating	n	0
platinize	v	0
platinum	n	0
platitude	n	0
plato	n	1
platonic	a	0
platonism	n	1
platonist	n	1
platoon	n	0
platte	n	1
plattensee	n	1
platter	n	0
platy	n	0
platypus	n	0
platyrhine	a	0
platysma	n	0
plaudit	n	0
plaudits	n	0
plausible	a	0
plausibly	r	0
plausive	a	0
plautus	n	1
plavix	n	1
play	nv	0
playable	a	0
playact	v	0
playacting	n	0
playactor	n	0
playback	n	0
playbill	n	0
playbook	n	0
playbox	n	0
playboy	n	0
playday	n	0
played	a	0
player	n	0
playfellow	n	0
playful	a	0
playfully	r	0
playgoer	n	0
playground	n	0
playhouse	n	0
playing	n	0
playlet	n	0
playlist	n	0
playmaker	n	0
playmate	n	0
playoff	n	0
playpen	n	0
playroom	n	0
playschool	n	0
playscript	n	0
playsuit	n	0
plaything	n	0
playtime	n	0
playwright	n	0
plaza	n	0
plea	n	0
pleach	v	0
plead	v	0
pleader	n	0
pleading	an	0
pleadingly	r	0
pleasance	n	0
pleasant	a	0
pleasantly	r	0
pleasantry	n	0
please	rv	0
pleased	a	0
pleaser	n	0
pleasing	an	0
pleasingly	r	0
pleasure	n	0
pleat	nv	0
pleating	n	0
pleb	n	0
plebe	n	0
plebeian	an	0
plebiscite	n	0
plecoptera	n	1
plecotus	n	1
plectania	n	1
plectron	n	0
plectrum	n	0
pledge	nv	0
pledged	a	0
pledgee	n	0
pledger	n	0
pleiades	n	1
pleione	n	1
plenarily	r	0
plenary	a	0
plenitude	n	0
plenteous	a	0
plentiful	a	0
plentitude	n	0
plenty	nr	0
plenum	n	0
pleochroic	a	0
pleonasm	n	0
pleonaste	n	0
pleonastic	a	0
pleopod	n	0
plesiosaur	n	0
plessor	n	0
plethodon	n	1
plethodont	n	0
plethora	n	0
plethoric	a	0
pleura	n	0
pleural	a	0
pleuralgia	n	0
pleurisy	n	0
pleurocarp	n	0
pleurodont	n	0
pleurotus	n	1
pleven	n	1
plevna	n	1
plexiglas	n	1
plexiglass	n	0
pleximeter	n	0
pleximetry	n	0
plexor	n	0
plexus	n	0
plf	n	1
pliability	n	0
pliable	a	0
pliancy	n	0
pliant	a	0
pliantness	n	0
plica	n	0
plicate	v	0
plication	n	0
plier	n	0
pliers	n	0
plight	nv	0
plimsoll	n	0
plinth	n	0
pliny	n	1
pliocene	n	1
plo	n	1
ploce	n	0
ploceidae	n	1
ploceus	n	1
plod	nv	0
plodder	n	0
plodding	an	0
ploddingly	r	0
plonk	nv	0
plop	nrv	0
plosion	n	0
plosive	n	0
plot	nv	0
plotinus	n	1
plotted	a	0
plotter	n	0
plough	nv	0
ploughboy	n	0
ploughed	a	0
ploughing	n	0
ploughland	n	0
ploughman	n	0
plovdiv	n	1
plover	n	0
plow	nv	0
plowboy	n	0
plowed	a	0
plower	n	0
plowing	n	0
plowland	n	0
plowman	n	0
plowshare	n	0
plowwright	n	0
ploy	n	0
pluck	nv	0
plucked	a	0
pluckily	r	0
pluckiness	n	0
plucky	a	0
plug	nv	0
plugboard	n	0
plugged	a	0
plugger	n	0
plughole	n	0
plum	nr	0
plumage	n	0
plumaged	a	0
plumate	a	0
plumb	anrv	0
plumbable	a	0
plumbago	n	0
plumber	n	0
plumbery	n	0
plumbic	a	0
plumbing	n	0
plumbism	n	0
plumbous	a	0
plumcot	n	0
plume	nv	0
plumed	a	0
plumelike	a	0
plumeria	n	1
plumiera	n	1
plumlike	a	0
plummet	nv	0
plummy	a	0
plumose	a	0
plump	anrv	0
plumping	a	0
plumpness	n	0
plumule	n	0
plumy	a	0
plunder	nv	0
plunderage	n	0
plundered	a	0
plunderer	n	0
plundering	an	0
plunge	nv	0
plunger	n	0
plunk	nrv	0
plunker	n	0
pluperfect	an	0
plural	an	0
pluralise	v	0
pluralism	n	0
pluralist	n	0
plurality	n	0
pluralize	v	0
plus	an	0
plush	an	0
plushy	a	0
plutarch	n	1
pluteaceae	n	1
pluteus	n	1
pluto	n	1
plutocracy	n	0
plutocrat	n	0
pluton	n	0
plutonian	a	1
plutonic	a	0
plutonium	n	0
pluvialis	n	1
pluvianus	n	1
pluviose	n	1
ply	nv	0
plyboard	n	0
plyer	n	0
plyers	n	0
plymouth	n	1
plywood	n	0
plzen	n	1
pm	n	1
pms	n	1
pneumatic	a	0
pneumatics	n	0
pneumonia	n	0
pneumonic	a	0
pneumovax	n	1
po	n	1
poa	n	1
poaceae	n	1
poach	v	0
poached	a	0
poacher	n	0
poaching	n	0
pob	n	1
pocahontas	n	1
pocatello	n	1
pochard	n	0
pock	nv	0
pocked	a	0
pocket	nv	0
pocketable	a	0
pocketbook	n	0
pocketcomb	n	0
pocketful	n	0
pockmark	nv	0
pockmarked	a	0
pod	nv	0
podalgia	n	0
podalyria	n	1
podargidae	n	1
podargus	n	1
podaxaceae	n	1
podcast	v	0
podetium	n	0
podgy	a	0
podiatrist	n	0
podiatry	n	0
podiceps	n	1
podilymbus	n	1
podium	n	0
podlike	a	0
podocarp	n	0
podocarpus	n	1
podsol	n	0
podzol	n	0
poe	n	1
poeciliid	n	0
poem	n	0
poenology	n	0
poephila	n	1
poesy	n	0
poet	n	0
poetess	n	0
poetic	a	0
poetical	a	0
poetically	r	0
poetics	n	0
poetise	v	0
poetiser	n	0
poetize	v	0
poetizer	n	0
poetry	n	0
pogey	n	0
pogge	n	0
pogonia	n	0
pogonion	n	0
pogonip	n	0
pogostemon	n	1
pogrom	n	0
pogy	n	0
poi	n	0
poignance	n	0
poignancy	n	0
poignant	a	0
poignantly	r	0
poilu	n	0
poinciana	n	0
poinsettia	n	0
point	nv	0
pointed	a	0
pointedly	r	0
pointel	n	0
pointer	n	0
pointless	a	0
pointrel	n	0
pointsman	n	0
poise	nv	0
poised	a	0
poison	nv	0
poisoner	n	0
poisoning	n	0
poisonous	a	0
poitier	n	1
poitiers	n	1
poitou	n	1
poivrade	n	1
poke	nv	0
poker	n	0
pokeweed	n	0
pokey	an	0
poking	n	0
pokomo	n	1
poky	an	0
pol	n	0
polack	n	0
poland	n	1
polanisia	n	1
polar	a	0
polaris	n	1
polarise	v	0
polarity	n	0
polarize	v	0
polaroid	n	1
polder	n	0
pole	nv	0
poleax	nv	0
poleaxe	nv	0
polecat	n	0
polemic	an	0
polemical	a	0
polemicise	v	0
polemicist	n	0
polemicize	v	0
polemics	n	0
polemise	v	0
polemist	n	0
polemize	v	0
polemonium	n	0
polenta	n	0
poler	n	0
polestar	n	0
polianthes	n	1
police	nv	0
policeman	n	0
policy	n	0
polio	n	0
polioptila	n	1
poliosis	n	0
poliovirus	n	0
polish	anv	0
polished	a	0
polisher	n	0
polishing	n	0
polistes	n	1
politburo	n	0
polite	a	0
politely	r	0
politeness	n	0
politesse	n	0
politic	a	0
political	a	0
politician	n	0
politicise	v	0
politicize	v	0
politick	v	0
politico	n	0
politics	n	0
polity	n	0
polk	n	1
polka	nv	0
poll	nv	0
pollachius	n	1
pollack	n	0
pollard	nv	0
pollen	n	0
pollenate	v	0
pollex	n	0
pollinate	v	0
pollinator	n	0
pollinium	n	0
pollinosis	n	0
polliwog	n	0
pollock	n	0
polls	n	0
pollster	n	0
pollucite	n	0
pollutant	n	0
pollute	v	0
polluted	a	0
polluter	n	0
pollution	n	0
pollux	n	1
pollyfish	n	0
pollywog	n	0
polo	n	0
polonaise	n	0
polonium	n	0
polony	n	0
polska	n	1
poltroon	an	0
polyamide	n	0
polyandry	n	0
polyangium	n	1
polyanthus	n	0
polyatomic	a	0
polyborus	n	1
polybotria	n	1
polybotrya	n	1
polybutene	n	0
polycarp	n	1
polychaeta	n	1
polychaete	n	0
polychete	n	0
polychrome	anv	0
polycillin	n	1
polycirrus	n	1
polydactyl	a	0
polydipsia	n	0
polyergus	n	1
polyester	n	0
polyfoam	n	0
polygala	n	1
polygamist	n	0
polygamous	a	0
polygamy	n	0
polygene	n	0
polygenic	a	0
polyglot	an	0
polygon	n	0
polygonal	a	0
polygonia	n	1
polygonum	n	1
polygraph	n	0
polygynist	n	0
polygynous	a	0
polygyny	n	0
polyhedral	a	0
polyhedron	n	0
polyhymnia	n	1
polymath	n	0
polymer	n	0
polymerase	n	0
polymeric	a	0
polymerise	v	0
polymerize	v	0
polymorph	n	0
polymox	n	1
polymyxin	n	0
polynesia	n	1
polynesian	an	1
polynomial	an	0
polynya	n	0
polyodon	n	1
polyoicous	a	0
polyoma	n	0
polyose	n	0
polyp	n	0
polyphase	a	0
polyphone	n	0
polyphonic	a	0
polyphony	n	0
polyploid	an	0
polyploidy	n	0
polypodium	n	1
polypody	n	0
polypore	n	0
polyporus	n	1
polyprion	n	1
polyptoton	n	0
polypus	n	0
polysemant	n	0
polysemous	a	0
polysemy	n	0
polysomy	n	0
polytheism	n	0
polytheist	n	0
polythene	n	0
polytonal	a	0
polyuria	n	0
polyvalent	a	0
polyzoa	n	0
polyzoan	n	0
pom	n	0
pomade	nv	0
pomaded	a	0
pomaderris	n	1
pomatomus	n	1
pomatum	n	0
pome	n	0
pomelo	n	0
pomeranian	n	1
pomfret	n	0
pommel	nv	0
pommy	n	0
pomo	n	1
pomolobus	n	1
pomologist	n	0
pomology	n	0
pomoxis	n	1
pomp	n	0
pompadour	nv	0
pompano	n	0
pompeii	n	1
pompey	n	1
pompon	n	0
pomposity	n	0
pompous	a	0
pompously	r	0
ponca	n	1
ponce	n	0
poncho	n	0
poncirus	n	1
pond	n	0
ponder	v	0
ponderable	a	0
ponderer	n	0
pondering	a	0
ponderosa	n	0
ponderous	a	0
pondweed	n	0
pone	n	0
pong	n	0
pongamia	n	1
pongee	n	0
pongid	n	0
pongidae	n	1
pongo	n	1
poniard	nv	0
ponka	n	1
pons	n	0
ponselle	n	1
ponstel	n	1
pontederia	n	1
pontiac	n	1
pontifex	n	0
pontiff	n	0
pontifical	an	0
pontoon	n	0
pontos	n	1
pontus	n	1
pony	n	0
ponycart	n	0
ponytail	n	0
pooch	nv	0
pood	n	0
poodle	n	0
pooecetes	n	1
poof	n	0
pool	nv	0
pooler	n	0
poolroom	n	0
poon	n	0
poop	n	0
poor	an	0
poorhouse	n	0
poorly	r	0
poorness	n	0
poorwill	n	0
poove	n	0
pop	anrv	0
popcorn	n	0
pope	n	0
popery	n	0
popeyed	a	0
popgun	n	0
popillia	n	1
popinjay	n	0
popish	a	0
popishly	r	0
poplar	n	0
poplin	n	0
popliteal	a	0
popover	n	0
popper	n	0
poppet	n	0
popping	n	0
poppy	n	0
poppycock	n	0
popsicle	n	0
populace	n	0
popular	a	0
popularise	v	0
popularism	n	0
popularity	n	0
popularize	v	0
popularly	r	0
populate	v	0
populated	a	0
population	n	0
populism	n	0
populist	n	0
populous	a	0
populus	n	1
porbeagle	n	0
porc	n	0
porcelain	n	0
porcellio	n	1
porch	n	0
porcine	a	0
porcupine	n	0
porcupines	n	0
pore	nv	0
porgy	n	0
porifera	n	1
poriferan	n	0
poriferous	a	0
pork	n	0
porkchop	n	0
porker	n	0
porkfish	n	0
porkholt	n	0
porkpie	n	0
porn	n	0
porno	n	0
poronotus	n	1
poroporo	n	0
porose	a	0
porosity	n	0
porous	a	0
porousness	n	0
porphyra	n	1
porphyria	n	0
porphyrin	n	0
porphyrio	n	1
porphyrula	n	1
porphyry	n	0
porpoise	n	0
porridge	n	0
porringer	n	0
port	anv	0
porta	n	0
portable	an	0
portage	n	0
portal	n	0
portcullis	n	0
porte	n	1
portend	v	0
portent	n	0
portentous	a	0
porter	nv	0
porterage	n	0
portfolio	n	0
porthole	n	0
portico	n	0
porticoed	a	0
portiere	n	0
portion	nv	0
portland	n	1
portly	a	0
porto	n	1
portrait	n	0
portray	v	0
portrayal	n	0
portrayed	a	0
portrayer	n	0
portraying	n	0
portsmouth	n	1
portugal	n	1
portuguese	an	1
portulaca	n	0
portunidae	n	1
portunus	n	1
porzana	n	1
pose	nv	0
posed	a	0
poseidon	n	1
poser	n	0
poseur	n	0
poseuse	n	0
posh	a	0
posing	n	0
posit	nv	0
position	nv	0
positional	a	0
positioner	n	0
positive	an	0
positively	r	0
positivism	n	0
positivist	an	0
positivity	n	0
positron	n	0
posology	n	0
posse	n	0
posseman	n	0
possess	v	0
possessed	a	0
possession	n	0
possessive	an	0
possessor	n	0
posset	n	0
possible	an	0
possibly	r	0
possum	n	0
possumwood	n	0
post	nv	0
postage	n	0
postal	a	0
postbag	n	0
postbox	n	0
postcard	n	0
postcava	n	0
postcode	n	0
postdate	v	0
postdoc	n	0
posted	a	0
poster	n	0
posterior	an	0
posterity	n	0
postern	n	0
postexilic	a	0
postfix	n	0
posthitis	n	0
posthole	n	0
posthouse	n	0
posthumous	a	0
postiche	n	0
postictal	a	0
postilion	n	0
postillion	n	0
posting	n	0
postlude	n	0
postman	n	0
postmark	nv	0
postmaster	n	0
postmodern	a	0
postmortal	a	0
postmortem	an	0
postnatal	a	0
postpaid	a	0
postpartum	a	0
postpone	v	0
postponer	n	0
postpose	v	0
postscript	n	0
postulant	n	0
postulate	nv	0
postulator	n	0
postum	n	1
postural	a	0
posture	nv	0
posturer	n	0
posturing	n	0
postwar	a	0
posy	n	0
pot	nv	0
potable	an	0
potage	n	0
potamogale	n	0
potamophis	n	1
potash	n	0
potassium	n	0
potation	n	0
potato	n	0
potawatomi	n	1
potbellied	a	0
potbelly	n	0
potboiler	n	0
potbound	a	0
potboy	n	0
poteen	n	0
potemkin	n	1
potence	n	0
potency	n	0
potent	a	0
potentate	n	0
potential	an	0
potentiate	v	0
potentilla	n	1
potently	r	0
poterium	n	1
potful	n	0
pothead	n	0
pother	nv	0
potherb	n	0
potholder	n	0
pothole	n	0
potholed	a	0
potholer	n	0
pothook	n	0
pothos	n	0
pothouse	n	0
pothunter	n	0
potion	n	0
potlatch	n	0
potluck	n	0
potman	n	0
potomac	n	1
potomania	n	0
potoroinae	n	1
potoroo	n	0
potorous	n	1
potos	n	1
potpie	n	0
potpourri	n	0
potsdam	n	1
potsherd	n	0
potshot	n	0
pottage	n	0
potted	a	0
potter	nv	0
potterer	n	0
pottery	n	0
pottle	n	0
potto	n	0
potty	an	0
potyokin	n	1
pouch	nv	0
pouched	a	0
pouchlike	a	0
poudrin	n	0
pouf	n	0
pouffe	n	0
poulenc	n	1
poulet	n	0
poulette	n	0
poulterer	n	0
poultice	nv	0
poultry	n	0
poultryman	n	0
pounce	nv	0
pound	nv	0
poundage	n	0
poundal	n	0
pounder	n	0
pounding	n	0
pour	v	0
pourboire	n	0
pouring	a	0
poussin	n	1
pout	nv	0
pouter	n	0
pouteria	n	1
poutingly	r	0
poverty	n	0
pow	n	1
powder	nv	0
powdered	a	0
powderer	n	0
powderise	v	0
powderize	v	0
powderpuff	n	0
powdery	a	0
powell	n	1
power	nv	0
powerboat	n	0
powered	a	0
powerful	ar	0
powerfully	r	0
powerhouse	n	0
powerless	a	0
powerwash	v	0
powhatan	n	1
powwow	nv	0
powys	n	1
pox	n	0
poxvirus	n	0
poyang	n	1
poyou	n	0
pozsony	n	1
ppk	n	1
pplo	n	1
ppp	n	1
pr	n	1
practical	a	0
practice	nv	0
practiced	a	0
practician	n	0
practise	v	0
practised	a	0
praenomen	n	0
praesidium	n	0
praetor	n	0
praetorial	a	0
praetorian	an	0
praetorium	n	0
prag	n	1
pragmatic	an	0
pragmatics	n	0
pragmatism	n	0
pragmatist	n	0
prague	n	1
praha	n	1
praia	n	1
prairial	n	1
prairie	n	0
praise	nv	0
praiseful	a	0
praising	a	0
prajapati	n	1
prakrit	n	1
prakritic	a	1
praline	n	0
pram	n	0
prance	nv	0
prancer	n	0
prandial	a	0
prang	nv	0
prank	nv	0
prankish	a	0
prankster	n	0
prat	n	0
prate	nv	0
prater	n	0
pratfall	n	0
pratincole	n	0
prattle	nv	0
prattler	n	0
praunus	n	1
pravachol	n	1
prawn	nv	0
praxis	n	0
praxiteles	n	1
pray	v	0
praya	n	0
prayer	n	0
prayerbook	n	0
prayerful	a	0
prazosin	n	0
prc	n	1
preach	v	0
preacher	n	0
preachify	v	0
preaching	n	0
preachment	n	0
preachy	a	0
preakness	n	1
preamble	nv	0
preanal	a	0
prearrange	v	0
prebend	n	0
prebendary	n	0
precarious	a	0
precast	a	0
precative	a	0
precatory	a	0
precaution	n	0
precava	n	0
precede	v	0
precedence	n	0
precedency	n	0
precedent	an	0
precentor	n	0
precept	n	0
preceptor	n	0
precess	v	0
precession	n	0
precinct	n	0
preciosity	n	0
precious	ar	0
preciously	r	0
precipice	n	0
precipitin	n	0
precis	nv	0
precise	a	0
precisely	r	0
precision	n	0
preclude	v	0
preclusion	n	0
preclusive	a	0
precocial	a	0
precocious	a	0
precocity	n	0
precook	v	0
precooked	a	0
precooled	a	0
precordial	a	0
precordium	n	0
precursor	n	0
precursory	a	0
predaceous	a	0
predacious	a	0
predate	v	0
predation	n	0
predator	n	0
predatory	a	0
predecease	v	0
predestine	v	0
predicate	nv	0
predicator	n	0
predict	v	0
prediction	n	0
predictive	a	0
predictor	n	0
predigest	v	0
predispose	v	0
prednisone	n	0
preemie	n	0
preeminent	a	0
preempt	nv	0
preemption	n	0
preemptive	a	0
preemptor	n	0
preen	v	0
preexist	v	0
prefab	an	0
preface	nv	0
prefaded	a	0
prefatory	a	0
prefect	n	0
prefecture	n	0
prefer	v	0
preferable	a	0
preferably	r	0
preference	n	0
preferent	a	0
preferment	n	0
preferred	a	0
prefigure	v	0
prefix	nv	0
preform	v	0
prefrontal	a	0
pregnancy	n	0
pregnant	a	0
preheat	v	0
prehend	v	0
prehensile	a	0
prehension	n	0
prehensor	n	0
prehistory	n	0
preisolate	v	0
prejudge	v	0
prejudice	nv	0
prejudiced	a	0
prelacy	n	0
prelate	n	0
prelature	n	0
prelim	n	0
prelims	n	0
prelone	n	1
prelude	nv	0
premarital	a	0
premature	a	0
premedical	a	0
premie	n	0
premier	anv	0
premiere	anv	0
premise	nv	0
premises	n	0
premiss	nv	0
premium	an	0
premix	n	0
premolar	n	0
prenanthes	n	1
prenatal	a	0
prenominal	a	0
prentice	n	0
prenuptial	a	0
preoccupy	v	0
preordain	v	0
prep	n	0
prepacked	a	0
prepaid	a	0
prepare	v	0
prepared	a	0
prepay	v	0
prepayment	n	0
prepose	v	0
prepossess	v	0
prepotency	n	0
prepuberty	n	0
prepuce	n	0
prepupal	a	0
prerecord	v	0
presage	nv	0
presbyope	n	0
presbyopia	n	0
presbyopic	a	0
presbyter	n	0
presbytery	n	0
presbytes	n	1
preschool	n	0
prescience	n	0
prescient	a	0
prescott	n	1
prescribe	v	0
prescribed	a	0
prescript	n	0
preseason	n	0
presence	n	0
present	anv	0
presenter	n	0
presentism	n	0
presentist	n	0
presently	r	0
preserve	nv	0
preserved	a	0
preserver	n	0
preserves	n	0
preset	a	0
preside	v	0
presidency	n	0
president	n	0
presidio	n	0
presidium	n	0
presley	n	1
press	nv	0
pressburg	n	1
pressed	a	0
pressing	an	0
pressingly	r	0
pressman	n	0
pressmark	n	0
pressor	an	0
pressure	nv	0
pressurise	v	0
pressurize	v	0
prestige	n	0
presto	ar	0
presumable	a	0
presumably	r	0
presume	v	0
presuppose	v	0
preteen	an	0
pretence	n	0
pretend	anv	0
pretended	a	0
pretender	n	0
pretending	n	0
pretense	n	0
pretension	n	0
preterist	n	0
preterit	n	0
preterite	n	0
pretermit	v	0
pretext	n	0
pretor	n	0
pretoria	n	1
pretorial	a	0
pretorian	a	0
pretorium	n	0
pretrial	n	0
prettify	v	0
prettily	r	0
prettiness	n	0
pretty	ar	0
pretzel	n	0
preussen	n	1
prevacid	n	1
prevail	v	0
prevailing	a	0
prevalence	n	0
prevalent	a	0
prevenient	a	0
prevent	v	0
prevention	n	0
preventive	an	0
preview	nv	0
previously	r	0
previse	v	0
prevision	n	0
prevue	n	0
prewar	a	0
prexy	n	0
prey	nv	0
priam	n	1
priapic	a	0
priapism	n	0
priapus	n	1
price	nv	0
priceless	a	0
pricey	a	0
pricing	n	0
prick	nv	0
pricker	n	0
pricket	n	0
pricking	n	0
prickle	nv	0
prickling	n	0
prickly	a	0
pricy	a	0
pride	nv	0
prideful	a	0
priest	n	0
priestess	n	0
priesthood	n	0
priestley	n	1
priestlike	a	0
priestly	a	0
prig	n	0
priggish	a	0
priggishly	r	0
prilosec	n	1
prim	av	0
prima	n	1
primacy	n	0
primaeval	a	0
primal	a	0
primality	n	0
primaquine	n	0
primarily	r	0
primary	an	0
primate	n	0
primates	n	1
primaxin	n	1
prime	anv	0
primer	n	0
primeval	a	0
primidone	n	0
priming	n	0
primipara	n	0
primitive	an	0
primly	r	0
primness	n	0
primo	an	0
primordial	a	0
primordium	n	0
primp	v	0
primping	n	0
primrose	n	0
primula	n	0
primulales	n	1
primus	n	0
prince	n	0
princedom	n	0
princeling	n	0
princely	a	0
princess	n	0
princeton	n	1
princewood	n	0
principal	n	0
principe	n	1
principen	n	1
principle	n	0
principled	a	0
prinia	n	1
prinival	n	1
prink	v	0
print	nv	0
printable	a	0
printer	n	0
printing	n	0
printmaker	n	0
printout	n	0
priodontes	n	1
prion	n	0
prionace	n	1
prionotus	n	1
prior	n	0
prioress	n	0
prioritise	v	0
prioritize	v	0
priority	n	0
priorship	n	0
priory	n	0
priscoan	n	1
prise	v	0
prism	n	0
prismatic	a	0
prismatoid	n	0
prismoid	n	0
prison	n	0
prisoner	n	0
prisonlike	a	0
prissily	r	0
prissy	a	0
pristidae	n	1
pristine	a	0
pristis	n	1
pritzelago	n	1
privacy	n	0
private	an	0
privateer	n	0
privately	r	0
privates	n	0
privation	n	0
privatise	v	0
privatize	v	0
privet	n	0
privilege	nv	0
privileged	a	0
privily	r	0
privine	n	1
privy	an	0
prize	anv	0
prizefight	nv	0
prn	r	1
pro	anr	0
proactive	a	0
probable	an	0
probably	r	0
probate	nv	0
probation	n	0
probative	a	0
probatory	a	0
probe	nv	0
probenecid	n	0
probing	a	0
probiotic	n	0
probity	n	0
problem	n	0
proboscis	n	0
procaine	n	0
procardia	n	1
procaryote	n	0
procavia	n	1
procedural	a	0
procedure	n	0
proceed	v	0
proceeding	n	0
proceeds	n	0
process	nv	0
processed	a	0
processing	n	0
procession	n	0
processor	n	0
proclaim	v	0
proclaimed	a	0
proclivity	n	0
procnias	n	1
proconsul	n	0
procreate	v	0
procrustes	n	1
proctalgia	n	0
proctitis	n	0
proctocele	n	0
proctology	n	0
proctor	nv	0
procumbent	a	0
procurable	a	0
procural	n	0
procurance	n	0
procurator	n	0
procure	v	0
procurer	n	0
procuress	n	0
procyon	n	1
procyonid	n	0
prod	nv	0
prodding	n	0
prodigal	an	0
prodigally	r	0
prodigious	a	0
prodigy	n	0
prodroma	n	0
prodromal	a	0
prodrome	n	0
prodromic	a	0
produce	nv	0
producer	n	0
product	n	0
production	n	0
productive	a	0
proenzyme	n	0
prof	n	0
profane	av	0
profaned	a	0
profanely	r	0
profanity	n	0
profess	v	0
professing	n	0
profession	n	0
professor	n	0
proffer	nv	0
proficient	a	0
profile	nv	0
profiling	n	0
profit	nv	0
profitable	a	0
profitably	r	0
profiteer	nv	0
profitless	a	0
profits	n	0
profligacy	n	0
profligate	an	0
profound	a	0
profoundly	r	0
profundity	n	0
profuse	a	0
profusely	r	0
profusion	n	0
progenitor	n	0
progeny	n	0
progeria	n	0
progestin	n	0
prognathic	a	0
progne	n	1
prognosis	n	0
prognostic	an	0
program	nv	0
programing	n	0
programma	n	0
programme	nv	0
programmer	n	0
progress	nv	0
prohibit	v	0
prohibited	a	0
project	nv	0
projected	a	0
projectile	an	0
projecting	a	0
projection	n	0
projector	n	0
prokaryote	n	0
prokayotae	n	1
prokhorov	n	1
prokofiev	n	1
prolactin	n	0
prolamine	n	0
prolapse	nv	0
prolapsus	n	0
prolate	a	0
prole	n	0
prolepsis	n	0
prolific	a	0
proline	n	0
prolix	a	0
prolixity	n	0
prolixness	n	0
prolog	n	1
prologise	v	0
prologize	v	0
prologue	n	0
prologuize	v	0
prolong	v	0
prolonge	n	0
prolonged	a	0
prolusion	n	0
prolusory	a	0
prom	n	0
promenade	nv	0
prometheus	n	1
promethium	n	0
prominence	n	0
prominent	a	0
promise	nv	0
promisee	n	0
promiser	n	0
promising	a	0
promisor	n	0
promissory	a	0
promo	n	0
promontory	n	0
promote	v	0
promoter	n	0
promotion	n	0
promotive	a	0
prompt	anv	0
promptbook	n	0
prompter	n	0
prompting	n	0
promptly	r	0
promptness	n	0
promulgate	v	0
pronate	v	0
pronation	n	0
pronator	n	0
prone	a	0
proneness	n	0
prong	n	0
prongbuck	n	0
pronged	a	0
pronghorn	n	0
prongy	a	0
pronk	v	0
pronominal	an	0
pronoun	n	0
pronounce	v	0
pronounced	a	0
pronto	r	0
pronucleus	n	0
proof	nv	0
proofed	a	0
proofread	v	0
prop	nv	0
propaganda	n	0
propagate	v	0
propagator	n	0
propanal	n	0
propane	n	0
propanol	n	0
propanolol	n	0
propanone	n	0
propel	v	0
propellant	an	0
propellent	an	0
propeller	n	0
propelling	a	0
propellor	n	0
propenal	n	0
propene	n	0
propenoate	n	0
propensity	n	0
proper	a	0
properly	r	0
properness	n	0
propertied	a	0
property	n	0
prophase	n	0
prophecy	n	0
prophesier	n	0
prophesy	v	0
prophet	n	0
prophetess	n	0
prophetic	a	0
prophets	n	1
prophyll	n	0
propitiate	v	0
propitious	a	0
propjet	n	0
propman	n	0
proponent	n	0
proportion	nv	0
proposal	n	0
propose	v	0
proposer	n	0
propositus	n	0
propound	v	0
proprietor	n	0
propriety	n	0
props	n	0
propulsion	n	0
propulsive	a	0
propyl	n	0
propylene	n	0
prorate	v	0
proration	n	0
prorogue	v	0
prosaic	a	0
proscenium	n	0
prosciutto	n	0
proscribe	v	0
proscribed	a	0
prose	n	0
prosecute	v	0
prosecutor	n	0
proselyte	n	0
proserpina	n	1
proserpine	n	1
prosily	r	0
prosimian	n	0
prosimii	n	1
prosiness	n	0
prosodic	a	0
prosodion	n	0
prosody	n	0
prosom	n	1
prosopis	n	1
prosopium	n	1
prospect	nv	0
prospector	n	0
prospectus	n	0
prosper	v	0
prospering	a	0
prosperity	n	0
prosperous	a	0
prostate	an	0
prostatic	a	0
prostheon	n	0
prosthesis	n	0
prosthetic	a	0
prosthion	n	0
prostigmin	n	1
prostitute	nv	0
prostrate	av	0
prostyle	a	0
prosy	a	0
protamine	n	0
protanopia	n	0
protanopic	a	0
protea	n	0
proteaceae	n	1
proteales	n	1
protean	a	0
protease	n	0
protect	v	0
protected	a	0
protection	n	0
protective	a	0
protector	n	0
protege	n	0
protegee	n	0
proteidae	n	1
protein	n	0
proteinase	n	0
proteles	n	1
proteome	n	0
proteomics	n	0
proteosome	n	0
protest	nv	0
protestant	an	0
protester	n	0
proteus	n	1
prothorax	n	0
protirelin	n	0
protist	n	0
protista	n	1
protistan	n	0
protium	n	1
protoavis	n	0
protocol	n	0
protoctist	n	0
protoheme	n	0
protohemin	n	0
protology	n	0
proton	n	0
protoplasm	n	0
protoplast	n	0
prototypal	a	0
prototype	n	0
prototypic	a	0
protozoa	n	1
protozoal	a	0
protozoan	an	0
protozoic	a	0
protozoon	n	0
protract	v	0
protracted	a	0
protractor	n	0
protropin	n	1
protrude	v	0
protruding	a	0
protrusile	a	0
protrusion	n	0
protrusive	a	0
protura	n	1
proturan	n	0
proud	a	0
proudhon	n	1
proudly	r	0
proust	n	1
proustian	a	1
provable	a	0
provably	r	0
prove	v	0
proved	a	0
proven	a	0
provenance	n	0
provencal	an	0
provence	n	1
provender	n	0
proventil	n	1
provera	n	1
proverb	n	0
proverbial	a	0
proverbs	n	1
provide	v	0
providence	n	0
provident	a	0
provider	n	0
province	n	0
provincial	an	0
provirus	n	0
provision	nv	0
provisions	n	0
proviso	n	0
provisory	a	0
provitamin	n	0
provo	n	1
provoke	v	0
provoked	a	0
provoker	n	0
provoking	a	0
provos	n	1
provost	n	0
prow	n	0
prowess	n	0
prowl	nv	0
prowler	n	0
prox	a	0
proxemics	n	0
proxima	n	1
proximal	a	0
proximate	a	0
proximity	n	0
proximo	a	0
proxy	n	0
prozac	n	1
prude	n	0
prudence	n	0
prudent	a	0
prudential	a	0
prudently	r	0
prudery	n	0
prudish	a	0
prudishly	r	0
prune	nv	0
prunella	n	1
pruner	n	0
pruning	n	0
pruno	n	0
prunus	n	1
prurience	n	0
pruriency	n	0
prurient	a	0
pruriently	r	0
prurigo	n	0
pruritus	n	0
prussia	n	1
prussian	an	1
pry	nv	0
prying	an	0
pryingly	r	0
ps	n	1
psa	n	1
psalm	nv	0
psalmist	n	0
psalmody	n	0
psalms	n	1
psalter	n	1
psalterium	n	0
psaltery	n	0
psammoma	n	0
psenes	n	1
psephology	n	0
psephurus	n	1
psetta	n	1
pseud	n	0
pseudacris	n	1
pseudechis	n	1
pseudemys	n	1
pseudo	an	0
pseudobulb	n	0
pseudocarp	n	0
pseudonym	n	0
pseudopod	n	0
pseudoryx	n	1
psf	n	1
psi	n	0
psidium	n	1
psilocin	n	0
psilocybin	n	0
psilophyte	n	0
psilopsida	n	1
psilosis	n	0
psilotales	n	1
psilotatae	n	1
psilotum	n	1
psithyrus	n	1
psittacula	n	1
psittacus	n	1
psoas	n	0
psocid	n	0
psocidae	n	1
psocoptera	n	1
psophia	n	1
psophiidae	n	1
psoralea	n	1
psoriasis	n	0
pst	n	1
psyche	n	0
psychiatry	n	0
psychic	an	0
psychical	a	0
psycho	n	0
psychodid	n	0
psychology	n	0
psychopath	n	0
psychopomp	n	0
psychopsis	n	1
psychosis	n	0
psychotic	an	0
psychotria	n	1
psylla	n	0
psyllid	n	0
psyllidae	n	1
psyllium	n	0
psyop	n	0
pt	n	1
ptah	n	1
ptarmigan	n	0
pteretis	n	1
pteridium	n	1
pteriidae	n	1
pterion	n	0
pteris	n	1
pternohyla	n	1
pterocarya	n	1
pterocles	n	1
pterois	n	1
pteropogon	n	0
pteropsida	n	1
pteropus	n	1
pterosaur	n	0
pterygium	n	0
ptloris	n	1
pto	n	1
ptolemaic	a	1
ptolemy	n	1
ptomain	n	0
ptomaine	n	0
ptosis	n	0
ptsd	n	1
ptyalin	n	0
ptyalise	v	0
ptyalism	n	0
ptyalith	n	0
ptyalize	v	0
ptyas	n	1
ptychozoon	n	1
pu	n	1
pub	n	0
pubertal	a	0
puberty	n	0
puberulent	a	0
pubes	n	0
pubescence	n	0
pubescent	a	0
pubic	a	0
pubis	n	0
public	an	0
publically	r	0
publican	n	0
publicise	v	0
publicised	a	0
publiciser	n	0
publicist	n	0
publicity	n	0
publicize	v	0
publicized	a	0
publicizer	n	0
publicly	r	0
publish	v	0
published	a	0
publisher	n	0
publishing	n	0
puccini	n	1
puccinia	n	1
puccoon	n	0
puce	n	0
puck	n	0
pucka	a	0
pucker	nv	0
puckerbush	n	0
puckish	a	0
puckishly	r	0
pud	n	0
pudding	n	0
puddle	nv	0
puddler	n	0
pudendal	a	0
pudendum	n	0
pudge	n	0
pudginess	n	0
pudgy	a	0
puebla	n	1
pueblo	n	0
pueraria	n	1
puerile	a	0
puerility	n	0
puerpera	n	0
puerperal	a	0
puerperium	n	0
puff	anv	0
puffball	n	0
puffbird	n	0
puffed	a	0
puffer	n	0
pufferfish	n	0
puffery	n	0
puffin	n	0
puffiness	n	0
puffing	n	0
puffinus	n	1
puffy	a	0
pug	n	0
pugilism	n	0
pugilist	n	0
pugilistic	a	0
pugin	n	1
puglia	n	1
pugnacious	a	0
pugnacity	n	0
puissance	n	0
puissant	a	0
pujunan	n	1
puka	n	0
puke	nv	0
puking	n	0
pukka	a	0
puku	n	0
pul	n	0
pula	n	0
pulasan	n	0
pulassan	n	0
pule	v	0
pulex	n	1
pulicaria	n	1
pulicidae	n	1
pulitzer	n	1
pull	nv	0
pullback	n	0
puller	n	0
pullet	n	0
pulley	n	0
pulling	n	0
pullman	n	1
pullout	n	0
pullover	n	0
pullulate	v	0
pulmonary	a	0
pulmonata	n	1
pulmonic	a	0
pulp	nv	0
pulpiness	n	0
pulpit	n	0
pulpwood	n	0
pulpy	a	0
pulque	n	0
pulsar	n	0
pulsate	v	0
pulsatilla	n	1
pulsation	n	0
pulse	nv	0
pulseless	a	0
pulsing	n	0
pulverise	v	0
pulverised	a	0
pulverize	v	0
pulverized	a	0
puma	n	0
pumice	nv	0
pummel	v	0
pummelo	n	0
pump	nv	0
pumpkin	n	0
pun	nv	0
punch	nv	0
punchayet	n	0
punchball	n	0
punchboard	n	0
puncher	n	0
punctilio	n	0
punctual	a	0
punctually	r	0
punctuate	v	0
punctum	n	0
puncture	nv	0
punctured	a	0
pundit	n	0
pung	n	0
pungapung	n	0
pungency	n	0
pungent	a	0
pungently	r	0
punic	an	0
punica	n	1
punicaceae	n	1
punily	r	0
puniness	n	0
punish	v	0
punishable	a	0
punished	a	0
punishing	a	0
punishment	n	0
punitive	a	0
punitively	r	0
punitorily	r	0
punitory	a	0
punjab	n	1
punjabi	n	1
punk	an	0
punkah	n	0
punkey	n	0
punkie	n	0
punks	n	0
punky	n	0
punnet	n	0
punning	n	0
punster	n	0
punt	nv	0
punter	n	0
punting	n	0
puny	a	0
pup	nv	0
pupa	n	0
pupal	a	0
pupate	v	0
pupil	n	0
pupillary	a	0
puppet	n	0
puppeteer	n	0
puppetry	n	0
puppis	n	1
puppy	n	0
puppyish	a	0
puppylike	a	0
purace	n	1
purana	n	1
puranic	a	1
purau	n	0
purblind	a	0
purcell	n	1
purchase	nv	0
purchaser	n	0
purchasing	n	0
purdah	n	0
pure	a	0
pureblood	an	0
purebred	an	0
puree	nv	0
purely	r	0
pureness	n	0
purgation	n	0
purgative	an	0
purgatory	n	0
purge	nv	0
purging	an	0
purifier	n	0
purify	v	0
purifying	a	0
purim	n	1
purine	n	0
purinethol	n	1
purism	n	0
purist	n	0
puritan	n	0
puritanic	a	0
puritanism	n	1
purity	n	0
purkinje	n	1
purl	nv	0
purlieu	n	0
purloin	v	0
purloo	n	0
purple	anv	0
purpleness	n	0
purplish	a	0
purport	nv	0
purpose	nv	0
purposeful	a	0
purposely	r	0
purposive	a	0
purpura	n	0
purpurate	v	0
purr	nv	0
purse	nv	0
purser	n	0
purslane	n	0
pursual	n	0
pursuance	n	0
pursue	v	0
pursued	an	0
pursuer	n	0
pursuing	a	0
pursuit	n	0
pursy	a	0
purulence	n	0
purulency	n	0
purulent	a	0
purus	n	1
purvey	v	0
purveyance	n	0
purveyor	n	0
purview	n	0
pus	n	0
pusan	n	1
pusey	n	1
puseyism	n	1
push	nv	0
pushan	n	1
pushball	n	0
pushcart	n	0
pushchair	n	0
pusher	n	0
pushful	a	0
pushiness	n	0
pushing	n	0
pushkin	n	1
pushover	n	0
pushpin	n	0
pushtun	n	1
pushup	n	0
pushy	a	0
puss	n	0
pussley	n	0
pussly	n	0
pussy	an	0
pussycat	n	0
pussyfoot	v	0
pussytoes	n	0
pustulate	a	0
pustule	n	0
put	nv	0
putamen	n	0
putin	n	1
putoff	n	0
putout	n	0
putrajaya	n	1
putrefy	v	0
putrescent	a	0
putrescine	n	0
putrid	a	0
putridity	n	0
putridness	n	0
putsch	n	0
putt	nv	0
puttee	n	0
putter	nv	0
putterer	n	0
putting	n	0
putty	nv	0
puttyroot	n	0
putz	n	0
puzzle	nv	0
puzzled	a	0
puzzlement	n	0
puzzler	n	0
puzzling	a	0
pva	n	1
pvc	n	1
pwr	n	1
px	n	1
pya	n	0
pyaemia	n	0
pyaemic	a	0
pycnidium	n	0
pycnogonid	n	0
pycnosis	n	0
pycnotic	a	0
pydna	n	1
pyelitis	n	0
pyelogram	n	0
pyemia	n	0
pyemic	a	0
pygmalion	n	1
pygmy	n	0
pygopus	n	1
pygoscelis	n	1
pyinma	n	0
pyjama	n	0
pyknic	a	0
pyknosis	n	0
pyknotic	a	0
pyle	n	1
pylodictus	n	1
pylon	n	0
pyloric	a	0
pylorus	n	0
pynchon	n	1
pyocyanase	n	0
pyocyanin	n	0
pyogenic	a	0
pyongyang	n	1
pyorrhea	n	0
pyorrhoea	n	0
pyracanth	n	0
pyracantha	n	1
pyralid	n	0
pyralidae	n	1
pyralis	n	1
pyramid	nv	0
pyramidal	a	0
pyramidic	a	0
pyramiding	n	0
pyrausta	n	1
pyre	n	0
pyrectic	an	0
pyrene	n	0
pyrenees	n	1
pyrethrum	n	0
pyretic	a	0
pyrex	n	1
pyrexia	n	0
pyridine	n	0
pyridium	n	1
pyridoxal	n	0
pyridoxine	n	0
pyrilamine	n	0
pyrimidine	n	0
pyrite	n	0
pyrites	n	0
pyrogallic	a	0
pyrogallol	n	0
pyrogen	n	0
pyrogenic	a	0
pyrogenous	a	0
pyrograph	n	0
pyrography	n	0
pyrola	n	0
pyrolaceae	n	1
pyrolatry	n	0
pyrolignic	a	0
pyrolusite	n	0
pyrolysis	n	0
pyrolytic	a	0
pyromancer	n	0
pyromancy	n	0
pyromania	n	0
pyromaniac	n	0
pyrometer	n	0
pyrope	n	0
pyrophobia	n	0
pyrophorus	n	1
pyroscope	n	0
pyrosis	n	0
pyrostat	n	0
pyrotechny	n	0
pyroxene	n	0
pyroxylin	n	0
pyroxyline	n	0
pyrrhic	an	0
pyrrhotine	n	0
pyrrhotite	n	0
pyrrhula	n	1
pyrrhus	n	1
pyrrophyta	n	1
pyrrosia	n	1
pyrularia	n	1
pyrus	n	1
pythagoras	n	1
pythia	n	1
pythiaceae	n	1
pythias	n	1
pythium	n	0
pythius	n	1
python	n	0
pythoness	n	0
pythonidae	n	1
pythoninae	n	1
pyuria	n	0
pyx	n	0
pyxidium	n	0
pyxie	n	0
pyxis	n	0
